JobTitles,Jobsubtitles,JobLocation,Jobdate
Senior Python Developer,Senior Python Developer,"
        Stewartbury, AA
      ","
2021-04-08
"
Energy engineer,Energy engineer,"
        Christopherville, AA
      ","
2021-04-08
"
Legal executive,Legal executive,"
        Port Ericaburgh, AA
      ","
2021-04-08
"
Fitness centre manager,Fitness centre manager,"
        East Seanview, AP
      ","
2021-04-08
"
Product manager,Product manager,"
        North Jamieview, AP
      ","
2021-04-08
"
Medical technical officer,Medical technical officer,"
        Davidville, AP
      ","
2021-04-08
"
Physiological scientist,Physiological scientist,"
        South Christopher, AE
      ","
2021-04-08
"
Textile designer,Textile designer,"
        Port Jonathan, AE
      ","
2021-04-08
"
Television floor manager,Television floor manager,"
        Osbornetown, AE
      ","
2021-04-08
"
Waste management officer,Waste management officer,"
        Scotttown, AP
      ","
2021-04-08
"
Software Engineer (Python),Software Engineer (Python),"
        Ericberg, AE
      ","
2021-04-08
"
Interpreter,Interpreter,"
        Ramireztown, AE
      ","
2021-04-08
"
Architect,Architect,"
        Figueroaview, AA
      ","
2021-04-08
"
Meteorologist,Meteorologist,"
        Kelseystad, AA
      ","
2021-04-08
"
Audiological scientist,Audiological scientist,"
        Williamsburgh, AE
      ","
2021-04-08
"
English as a second language teacher,English as a second language teacher,"
        Mitchellburgh, AE
      ","
2021-04-08
"
Surgeon,Surgeon,"
        West Jessicabury, AA
      ","
2021-04-08
"
Equities trader,Equities trader,"
        Maloneshire, AE
      ","
2021-04-08
"
Newspaper journalist,Newspaper journalist,"
        Johnsonton, AA
      ","
2021-04-08
"
Materials engineer,Materials engineer,"
        South Davidtown, AP
      ","
2021-04-08
"
Python Programmer (Entry-Level),Python Programmer (Entry-Level),"
        Port Sara, AE
      ","
2021-04-08
"
Product/process development scientist,Product/process development scientist,"
        Marktown, AA
      ","
2021-04-08
"
"Scientist, research (maths)","Scientist, research (maths)","
        Laurenland, AE
      ","
2021-04-08
"
Ecologist,Ecologist,"
        Lauraton, AP
      ","
2021-04-08
"
Materials engineer,Materials engineer,"
        South Tammyberg, AP
      ","
2021-04-08
"
Historic buildings inspector/conservation officer,Historic buildings inspector/conservation officer,"
        North Brandonville, AP
      ","
2021-04-08
"
Data scientist,Data scientist,"
        Port Robertfurt, AA
      ","
2021-04-08
"
Psychiatrist,Psychiatrist,"
        Burnettbury, AE
      ","
2021-04-08
"
Structural engineer,Structural engineer,"
        Herbertside, AA
      ","
2021-04-08
"
Immigration officer,Immigration officer,"
        Christopherport, AP
      ","
2021-04-08
"
Python Programmer (Entry-Level),Python Programmer (Entry-Level),"
        West Victor, AE
      ","
2021-04-08
"
Neurosurgeon,Neurosurgeon,"
        Port Aaron, AP
      ","
2021-04-08
"
Broadcast engineer,Broadcast engineer,"
        Loribury, AA
      ","
2021-04-08
"
Make,Make,"
        Angelastad, AP
      ","
2021-04-08
"
"Nurse, adult","Nurse, adult","
        Larrytown, AE
      ","
2021-04-08
"
Air broker,Air broker,"
        West Colin, AP
      ","
2021-04-08
"
"Editor, film/video","Editor, film/video","
        West Stephanie, AP
      ","
2021-04-08
"
"Production assistant, radio","Production assistant, radio","
        Laurentown, AP
      ","
2021-04-08
"
"Engineer, communications","Engineer, communications","
        Wrightberg, AP
      ","
2021-04-08
"
Sales executive,Sales executive,"
        Alberttown, AE
      ","
2021-04-08
"
Software Developer (Python),Software Developer (Python),"
        Brockburgh, AE
      ","
2021-04-08
"
Futures trader,Futures trader,"
        North Jason, AE
      ","
2021-04-08
"
Tour manager,Tour manager,"
        Arnoldhaven, AE
      ","
2021-04-08
"
Cytogeneticist,Cytogeneticist,"
        Lake Destiny, AP
      ","
2021-04-08
"
"Designer, multimedia","Designer, multimedia","
        South Timothyburgh, AP
      ","
2021-04-08
"
Trade union research officer,Trade union research officer,"
        New Jimmyton, AE
      ","
2021-04-08
"
"Chemist, analytical","Chemist, analytical","
        New Lucasbury, AP
      ","
2021-04-08
"
"Programmer, multimedia","Programmer, multimedia","
        Port Cory, AE
      ","
2021-04-08
"
"Engineer, broadcasting (operations)","Engineer, broadcasting (operations)","
        Gileston, AA
      ","
2021-04-08
"
"Teacher, primary school","Teacher, primary school","
        Cindyshire, AA
      ","
2021-04-08
"
Python Developer,Python Developer,"
        East Michaelfort, AA
      ","
2021-04-08
"
Manufacturing systems engineer,Manufacturing systems engineer,"
        Joybury, AE
      ","
2021-04-08
"
"Producer, television/film/video","Producer, television/film/video","
        Emmatown, AE
      ","
2021-04-08
"
"Scientist, forensic","Scientist, forensic","
        Colehaven, AP
      ","
2021-04-08
"
Bonds trader,Bonds trader,"
        Port Coryton, AE
      ","
2021-04-08
"
Editorial assistant,Editorial assistant,"
        Amyborough, AA
      ","
2021-04-08
"
Photographer,Photographer,"
        Reynoldsville, AA
      ","
2021-04-08
"
Retail banker,Retail banker,"
        Port Billy, AP
      ","
2021-04-08
"
Jewellery designer,Jewellery designer,"
        Adamburgh, AA
      ","
2021-04-08
"
Ophthalmologist,Ophthalmologist,"
        Wilsonmouth, AA
      ","
2021-04-08
"
"Back-End Web Developer (Python, Django)","Back-End Web Developer (Python, Django)","
        South Kimberly, AA
      ","
2021-04-08
"
Licensed conveyancer,Licensed conveyancer,"
        Benjaminland, AP
      ","
2021-04-08
"
Futures trader,Futures trader,"
        Zacharyport, AA
      ","
2021-04-08
"
Counselling psychologist,Counselling psychologist,"
        Port Devonville, AE
      ","
2021-04-08
"
Insurance underwriter,Insurance underwriter,"
        East Thomas, AE
      ","
2021-04-08
"
"Engineer, automotive","Engineer, automotive","
        New Jeffrey, AP
      ","
2021-04-08
"
"Producer, radio","Producer, radio","
        Davidside, AA
      ","
2021-04-08
"
Dispensing optician,Dispensing optician,"
        Jamesville, AA
      ","
2021-04-08
"
"Designer, fashion/clothing","Designer, fashion/clothing","
        New Kelly, AP
      ","
2021-04-08
"
Chartered loss adjuster,Chartered loss adjuster,"
        Lake Antonio, AA
      ","
2021-04-08
"
"Back-End Web Developer (Python, Django)","Back-End Web Developer (Python, Django)","
        New Elizabethside, AA
      ","
2021-04-08
"
Forest/woodland manager,Forest/woodland manager,"
        Millsbury, AE
      ","
2021-04-08
"
Clinical cytogeneticist,Clinical cytogeneticist,"
        Lloydton, AP
      ","
2021-04-08
"
Print production planner,Print production planner,"
        Port Jeremy, AA
      ","
2021-04-08
"
Systems developer,Systems developer,"
        New Elizabethtown, AA
      ","
2021-04-08
"
Graphic designer,Graphic designer,"
        Charlesstad, AE
      ","
2021-04-08
"
Writer,Writer,"
        Josephbury, AE
      ","
2021-04-08
"
Field seismologist,Field seismologist,"
        Seanfurt, AA
      ","
2021-04-08
"
Chief Strategy Officer,Chief Strategy Officer,"
        Williambury, AA
      ","
2021-04-08
"
Air cabin crew,Air cabin crew,"
        South Jorgeside, AP
      ","
2021-04-08
"
Python Programmer (Entry-Level),Python Programmer (Entry-Level),"
        Robertborough, AP
      ","
2021-04-08
"
Warden/ranger,Warden/ranger,"
        South Saratown, AP
      ","
2021-04-08
"
Sports therapist,Sports therapist,"
        Hullview, AA
      ","
2021-04-08
"
Arts development officer,Arts development officer,"
        Philipland, AP
      ","
2021-04-08
"
Printmaker,Printmaker,"
        North Patty, AE
      ","
2021-04-08
"
Health and safety adviser,Health and safety adviser,"
        North Stephen, AE
      ","
2021-04-08
"
Manufacturing systems engineer,Manufacturing systems engineer,"
        Stevensland, AP
      ","
2021-04-08
"
"Programmer, applications","Programmer, applications","
        Reyesstad, AE
      ","
2021-04-08
"
Medical physicist,Medical physicist,"
        Bellberg, AP
      ","
2021-04-08
"
Media planner,Media planner,"
        North Johnland, AE
      ","
2021-04-08
"
Software Developer (Python),Software Developer (Python),"
        Martinezburgh, AE
      ","
2021-04-08
"
"Surveyor, land/geomatics","Surveyor, land/geomatics","
        Joshuatown, AE
      ","
2021-04-08
"
Legal executive,Legal executive,"
        West Ericstad, AA
      ","
2021-04-08
"
"Librarian, academic","Librarian, academic","
        Tuckertown, AE
      ","
2021-04-08
"
Barrister,Barrister,"
        Perezton, AE
      ","
2021-04-08
"
Museum/gallery exhibitions officer,Museum/gallery exhibitions officer,"
        Lake Abigail, AE
      ","
2021-04-08
"
"Radiographer, diagnostic","Radiographer, diagnostic","
        Jacobshire, AP
      ","
2021-04-08
"
Database administrator,Database administrator,"
        Port Susan, AE
      ","
2021-04-08
"
Furniture designer,Furniture designer,"
        North Tiffany, AA
      ","
2021-04-08
"
Ship broker,Ship broker,"
        Michelleville, AP
      ","
2021-04-08
"
